metric,value
Average indegree,1.612604480710559
Average outdegree,1.612604480710559
