pair,pct_common
D∩C,4.274102880734283
D∩B,6.262786368579169
D∩E,4.082422544556462
C∩B,11.416038483513647
C∩E,13.802827284958623
B∩E,8.905763311646423
